<?xml version="1.0" encoding="UTF-8"?>
<project-private xmlns="http://www.netbeans.org/ns/project-private/1">
    <editor-bookmarks xmlns="http://www.netbeans.org/ns/editor-bookmarks/2" lastBookmarkId="0"/>
    <open-files xmlns="http://www.netbeans.org/ns/projectui-open-files/2">
        <group>
            <file>file:/C:/Users/Astrid/Downloads/Agroservicio%20(1)/Agroservicio/web/EliminarEmpleado.jsp</file>
            <file>file:/C:/Users/Astrid/Downloads/Agroservicio%20(1)/Agroservicio/web/RegistrarEmpleados.html</file>
            <file>file:/C:/Users/Astrid/Downloads/Agroservicio%20(1)/Agroservicio/web/GestionarEmpleados.jsp</file>
            <file>file:/C:/Users/Astrid/Downloads/Agroservicio%20(1)/Agroservicio/web/RegistrarCompras.html</file>
            <file>file:/C:/Users/Astrid/Downloads/Agroservicio%20(1)/Agroservicio/web/index.html</file>
            <file>file:/C:/Users/Astrid/Downloads/Agroservicio%20(1)/Agroservicio/web/ModificarEmpleado.jsp</file>
            <file>file:/C:/Users/Astrid/Downloads/Agroservicio%20(1)/Agroservicio/src/java/Servlets/ServletPrincipal.java</file>
            <file>file:/C:/Users/Astrid/Downloads/Agroservicio%20(1)/Agroservicio/web/AgregarEmpleado.jsp</file>
        </group>
    </open-files>
</project-private>
